Nombre,Correo
Luis Hernandez,luis.hernández94@hotmail.com
Ana Vargas,ana.vargas8@gmail.com
Juan López,juan.lópez6@gmail.com
Pedro Gómez,pedro.gómez39@yahoo.com
Ana Vargas,ana.vargas27@yahoo.com
Elena Gómez,elena.gómez6@gmail.com
Ana Torres,ana.torres56@gmail.com
Pedro Fernández,pedro.fernández19@gmail.com
Luis Gómez,luis.gómez3@gmail.com
Luis Vargas,luis.vargas23@gmail.com
Juan Rodríguez,juan.rodríguez43@hotmail.com
Elena Rodríguez,elena.rodríguez33@gmail.com
Ana Gómez,ana.gómez28@gmail.com
Lucía Pérez,lucía.pérez71@gmail.com
Carlos Rodriguez,carlos.rodríguez35@gmail.com
Lucía Martínez,lucía.martínez83@yahoo.com
Pedro Hernández,pedro.hernández82@yahoo.com
Sofía López,sofía.lópez24@yahoo.com
Sofía Pérez,sofía.pérez49@hotmail.com
Luis Gómez,luis.gómez27@gmail.com
Carlos Martínez,carlos.martínez9@gmail.com
Pedro Ramírez,pedro.ramírez68@gmail.com
Elena Gómez,elena.gómez26@yahoo.com
Miguel Pérez,miguel.pérez40@yahoo.com
Juan Perez,juan.pérez55@gmail.com
Miguel Ramírez,miguel.ramírez44@yahoo.com
Juan Torres,juan.torres98@yahoo.com
Sofía Torres,sofía.torres81@gmail.com
María Pérez,maría.pérez51@yahoo.com
Ana Vargas,ana.vargas19@yahoo.com
Carlos Pérez,carlos.pérez4@hotmail.com
Miguel Ramírez,miguel.ramírez21@gmail.com
Juan Fernández,juan.fernández20@gmail.com
Miguel López,miguel.lópez2@hotmail.com
María Gómez,maría.gómez73@gmail.com
Lucía Ramírez,lucía.ramírez90@hotmail.com
María Pérez,maría.pérez58@gmail.com
Pedro Torres,pedro.torres43@yahoo.com
Carlos Martínez,carlos.martínez7@yahoo.com
Sofía Martínez,sofía.martínez69@yahoo.com
Carlos Torres,carlos.torres92@hotmail.com
Carlos Vargas,carlos.vargas68@gmail.com
María Rodríguez,maría.rodríguez42@hotmail.com
Luis Martínez,luis.martínez57@gmail.com
Miguel Fernández,miguel.fernández59@gmail.com
Lucía Torres,lucía.torres82@yahoo.com
Lucía Gómez,lucía.gómez77@hotmail.com
Elena Torres,elena.torres2@gmail.com
Miguel Ramírez,miguel.ramírez4@yahoo.com
Elena Hernández,elena.hernández44@hotmail.com
Sofía Gómez,sofía.gómez30@yahoo.com
Elena Rodríguez,elena.rodríguez70@gmail.com
María Hernández,maría.hernández71@gmail.com
Lucía Pérez,lucía.pérez65@hotmail.com
Ana Hernández,ana.hernández87@yahoo.com
Pedro López,pedro.lópez67@yahoo.com
Juan Martínez,juan.martínez20@gmail.com
Sofía Pérez,sofía.pérez60@gmail.com
Juan López,juan.lópez57@gmail.com
Luis López,luis.lópez39@yahoo.com
Lucía Vargas,lucía.vargas75@yahoo.com
Luis Vargas,luis.vargas35@gmail.com
Miguel Gómez,miguel.gómez35@gmail.com
Pedro Torres,pedro.torres17@gmail.com
Lucía Fernández,lucía.fernández20@gmail.com
Miguel Hernández,miguel.hernández77@hotmail.com
María Fernández,maría.fernández84@yahoo.com
Miguel Martínez,miguel.martínez15@hotmail.com
María Fernández,maría.fernández62@yahoo.com
Elena Hernández,elena.hernández93@yahoo.com
Elena Pérez,elena.pérez82@yahoo.com
Ana Rodríguez,ana.rodríguez78@hotmail.com
Elene Hernandez,elena.hernández74@yahoo.com
Juan Rodríguez,juan.rodríguez43@hotmail.com
Ana Hernández,ana.hernández50@hotmail.com
Carlos Gómez,carlos.gómez52@yahoo.com
Juan Torres,juan.torres5@hotmail.com
Luis Pérez,luis.pérez47@hotmail.com
Pedro Rodríguez,pedro.rodríguez88@gmail.com
Elena Hernández,elena.hernández31@yahoo.com
Ana Martínez,ana.martínez67@gmail.com
Carlos Gómez,carlos.gómez42@yahoo.com
Pedro Torres,pedro.torres96@yahoo.com
Sofía Vargas,sofía.vargas42@gmail.com
Ana Vargas,ana.vargas16@hotmail.com
María Torres,maría.torres24@hotmail.com
Pedro Fernández,pedro.fernández64@gmail.com
Sofía Fernández,sofía.fernández3@gmail.com
Sofía Ramírez,sofía.ramírez15@hotmail.com
Elena Pérez,elena.pérez47@hotmail.com
Ana Gómez,ana.gómez64@hotmail.com
Sofía Hernández,sofía.hernández47@yahoo.com
María Rodríguez,maría.rodríguez25@gmail.com
Carlos Gómez,carlos.gómez79@gmail.com
Miguel Vargas,miguel.vargas99@gmail.com
Carlos Torres,carlos.torres9@hotmail.com
Ana Ramírez,ana.ramírez94@yahoo.com
Luis Ramírez,luis.ramírez26@yahoo.com
Sofía Pérez,sofía.pérez71@hotmail.com
María Ramírez,maría.ramírez12@gmail.com